timestamp,predicted_pm25,ispu_value,ews_category,ews_action
2025-12-31 00:00:00,41.28,83,Sedang,Kualitas udara sedang. Kelompok sensitif sebaiknya mengurangi aktivitas fisik berat.
2025-12-31 01:00:00,41.7,83,Sedang,Kualitas udara sedang. Kelompok sensitif sebaiknya mengurangi aktivitas fisik berat.
2025-12-31 02:00:00,43.41,85,Sedang,Kualitas udara sedang. Kelompok sensitif sebaiknya mengurangi aktivitas fisik berat.
2025-12-31 03:00:00,44.85,87,Sedang,Kualitas udara sedang. Kelompok sensitif sebaiknya mengurangi aktivitas fisik berat.
2025-12-31 04:00:00,50.34,94,Sedang,Kualitas udara sedang. Kelompok sensitif sebaiknya mengurangi aktivitas fisik berat.
2025-12-31 05:00:00,54.13,98,Sedang,Kualitas udara sedang. Kelompok sensitif sebaiknya mengurangi aktivitas fisik berat.
2025-12-31 06:00:00,58.28,104,Tidak Sehat,PENTING: Kurangi aktivitas fisik berat di luar ruangan. Gunakan masker jika harus keluar.
2025-12-31 07:00:00,58.97,105,Tidak Sehat,PENTING: Kurangi aktivitas fisik berat di luar ruangan. Gunakan masker jika harus keluar.
2025-12-31 08:00:00,56.4,102,Tidak Sehat,PENTING: Kurangi aktivitas fisik berat di luar ruangan. Gunakan masker jika harus keluar.
2025-12-31 09:00:00,48.21,91,Sedang,Kualitas udara sedang. Kelompok sensitif sebaiknya mengurangi aktivitas fisik berat.
2025-12-31 10:00:00,40.36,82,Sedang,Kualitas udara sedang. Kelompok sensitif sebaiknya mengurangi aktivitas fisik berat.
2025-12-31 11:00:00,35.7,76,Sedang,Kualitas udara sedang. Kelompok sensitif sebaiknya mengurangi aktivitas fisik berat.
2025-12-31 12:00:00,34.65,75,Sedang,Kualitas udara sedang. Kelompok sensitif sebaiknya mengurangi aktivitas fisik berat.
2025-12-31 13:00:00,35.37,75,Sedang,Kualitas udara sedang. Kelompok sensitif sebaiknya mengurangi aktivitas fisik berat.
2025-12-31 14:00:00,37.79,78,Sedang,Kualitas udara sedang. Kelompok sensitif sebaiknya mengurangi aktivitas fisik berat.
2025-12-31 15:00:00,39.8,81,Sedang,Kualitas udara sedang. Kelompok sensitif sebaiknya mengurangi aktivitas fisik berat.
2025-12-31 16:00:00,41.75,83,Sedang,Kualitas udara sedang. Kelompok sensitif sebaiknya mengurangi aktivitas fisik berat.
2025-12-31 17:00:00,42.82,85,Sedang,Kualitas udara sedang. Kelompok sensitif sebaiknya mengurangi aktivitas fisik berat.
2025-12-31 18:00:00,46.04,88,Sedang,Kualitas udara sedang. Kelompok sensitif sebaiknya mengurangi aktivitas fisik berat.
2025-12-31 19:00:00,47.18,90,Sedang,Kualitas udara sedang. Kelompok sensitif sebaiknya mengurangi aktivitas fisik berat.
2025-12-31 20:00:00,49.45,93,Sedang,Kualitas udara sedang. Kelompok sensitif sebaiknya mengurangi aktivitas fisik berat.
2025-12-31 21:00:00,50.11,94,Sedang,Kualitas udara sedang. Kelompok sensitif sebaiknya mengurangi aktivitas fisik berat.
2025-12-31 22:00:00,51.07,95,Sedang,Kualitas udara sedang. Kelompok sensitif sebaiknya mengurangi aktivitas fisik berat.
2025-12-31 23:00:00,50.46,94,Sedang,Kualitas udara sedang. Kelompok sensitif sebaiknya mengurangi aktivitas fisik berat.
2026-01-01 00:00:00,52.59,97,Sedang,Kualitas udara sedang. Kelompok sensitif sebaiknya mengurangi aktivitas fisik berat.
2026-01-01 01:00:00,53.54,98,Sedang,Kualitas udara sedang. Kelompok sensitif sebaiknya mengurangi aktivitas fisik berat.
2026-01-01 02:00:00,56.03,102,Tidak Sehat,PENTING: Kurangi aktivitas fisik berat di luar ruangan. Gunakan masker jika harus keluar.
2026-01-01 03:00:00,57.5,103,Tidak Sehat,PENTING: Kurangi aktivitas fisik berat di luar ruangan. Gunakan masker jika harus keluar.
2026-01-01 04:00:00,60.17,106,Tidak Sehat,PENTING: Kurangi aktivitas fisik berat di luar ruangan. Gunakan masker jika harus keluar.
2026-01-01 05:00:00,61.7,108,Tidak Sehat,PENTING: Kurangi aktivitas fisik berat di luar ruangan. Gunakan masker jika harus keluar.
2026-01-01 06:00:00,63.54,109,Tidak Sehat,PENTING: Kurangi aktivitas fisik berat di luar ruangan. Gunakan masker jika harus keluar.
2026-01-01 07:00:00,63.01,109,Tidak Sehat,PENTING: Kurangi aktivitas fisik berat di luar ruangan. Gunakan masker jika harus keluar.
2026-01-01 08:00:00,59.16,105,Tidak Sehat,PENTING: Kurangi aktivitas fisik berat di luar ruangan. Gunakan masker jika harus keluar.
2026-01-01 09:00:00,51.57,95,Sedang,Kualitas udara sedang. Kelompok sensitif sebaiknya mengurangi aktivitas fisik berat.
2026-01-01 10:00:00,43.79,86,Sedang,Kualitas udara sedang. Kelompok sensitif sebaiknya mengurangi aktivitas fisik berat.
2026-01-01 11:00:00,38.92,80,Sedang,Kualitas udara sedang. Kelompok sensitif sebaiknya mengurangi aktivitas fisik berat.
2026-01-01 12:00:00,37.73,78,Sedang,Kualitas udara sedang. Kelompok sensitif sebaiknya mengurangi aktivitas fisik berat.
2026-01-01 13:00:00,38.55,79,Sedang,Kualitas udara sedang. Kelompok sensitif sebaiknya mengurangi aktivitas fisik berat.
2026-01-01 14:00:00,40.5,82,Sedang,Kualitas udara sedang. Kelompok sensitif sebaiknya mengurangi aktivitas fisik berat.
2026-01-01 15:00:00,42.51,84,Sedang,Kualitas udara sedang. Kelompok sensitif sebaiknya mengurangi aktivitas fisik berat.
2026-01-01 16:00:00,45.23,88,Sedang,Kualitas udara sedang. Kelompok sensitif sebaiknya mengurangi aktivitas fisik berat.
2026-01-01 17:00:00,47.53,90,Sedang,Kualitas udara sedang. Kelompok sensitif sebaiknya mengurangi aktivitas fisik berat.
2026-01-01 18:00:00,49.54,93,Sedang,Kualitas udara sedang. Kelompok sensitif sebaiknya mengurangi aktivitas fisik berat.
2026-01-01 19:00:00,50.07,93,Sedang,Kualitas udara sedang. Kelompok sensitif sebaiknya mengurangi aktivitas fisik berat.
2026-01-01 20:00:00,50.94,95,Sedang,Kualitas udara sedang. Kelompok sensitif sebaiknya mengurangi aktivitas fisik berat.
2026-01-01 21:00:00,50.99,95,Sedang,Kualitas udara sedang. Kelompok sensitif sebaiknya mengurangi aktivitas fisik berat.
2026-01-01 22:00:00,52.03,96,Sedang,Kualitas udara sedang. Kelompok sensitif sebaiknya mengurangi aktivitas fisik berat.
2026-01-01 23:00:00,52.3,96,Sedang,Kualitas udara sedang. Kelompok sensitif sebaiknya mengurangi aktivitas fisik berat.
2026-01-02 00:00:00,53.94,98,Sedang,Kualitas udara sedang. Kelompok sensitif sebaiknya mengurangi aktivitas fisik berat.
2026-01-02 01:00:00,55.11,100,Sedang,Kualitas udara sedang. Kelompok sensitif sebaiknya mengurangi aktivitas fisik berat.
2026-01-02 02:00:00,57.19,103,Tidak Sehat,PENTING: Kurangi aktivitas fisik berat di luar ruangan. Gunakan masker jika harus keluar.
2026-01-02 03:00:00,58.83,105,Tidak Sehat,PENTING: Kurangi aktivitas fisik berat di luar ruangan. Gunakan masker jika harus keluar.
2026-01-02 04:00:00,60.97,107,Tidak Sehat,PENTING: Kurangi aktivitas fisik berat di luar ruangan. Gunakan masker jika harus keluar.
2026-01-02 05:00:00,62.47,108,Tidak Sehat,PENTING: Kurangi aktivitas fisik berat di luar ruangan. Gunakan masker jika harus keluar.
2026-01-02 06:00:00,63.95,110,Tidak Sehat,PENTING: Kurangi aktivitas fisik berat di luar ruangan. Gunakan masker jika harus keluar.
2026-01-02 07:00:00,63.41,109,Tidak Sehat,PENTING: Kurangi aktivitas fisik berat di luar ruangan. Gunakan masker jika harus keluar.
2026-01-02 08:00:00,59.43,105,Tidak Sehat,PENTING: Kurangi aktivitas fisik berat di luar ruangan. Gunakan masker jika harus keluar.
2026-01-02 09:00:00,52.02,96,Sedang,Kualitas udara sedang. Kelompok sensitif sebaiknya mengurangi aktivitas fisik berat.
2026-01-02 10:00:00,44.38,86,Sedang,Kualitas udara sedang. Kelompok sensitif sebaiknya mengurangi aktivitas fisik berat.
2026-01-02 11:00:00,39.37,80,Sedang,Kualitas udara sedang. Kelompok sensitif sebaiknya mengurangi aktivitas fisik berat.
2026-01-02 12:00:00,38.07,79,Sedang,Kualitas udara sedang. Kelompok sensitif sebaiknya mengurangi aktivitas fisik berat.
2026-01-02 13:00:00,38.88,80,Sedang,Kualitas udara sedang. Kelompok sensitif sebaiknya mengurangi aktivitas fisik berat.
2026-01-02 14:00:00,40.81,82,Sedang,Kualitas udara sedang. Kelompok sensitif sebaiknya mengurangi aktivitas fisik berat.
2026-01-02 15:00:00,42.98,85,Sedang,Kualitas udara sedang. Kelompok sensitif sebaiknya mengurangi aktivitas fisik berat.
2026-01-02 16:00:00,46.03,88,Sedang,Kualitas udara sedang. Kelompok sensitif sebaiknya mengurangi aktivitas fisik berat.
2026-01-02 17:00:00,48.37,91,Sedang,Kualitas udara sedang. Kelompok sensitif sebaiknya mengurangi aktivitas fisik berat.
2026-01-02 18:00:00,50.18,94,Sedang,Kualitas udara sedang. Kelompok sensitif sebaiknya mengurangi aktivitas fisik berat.
2026-01-02 19:00:00,50.7,94,Sedang,Kualitas udara sedang. Kelompok sensitif sebaiknya mengurangi aktivitas fisik berat.
2026-01-02 20:00:00,51.63,95,Sedang,Kualitas udara sedang. Kelompok sensitif sebaiknya mengurangi aktivitas fisik berat.
2026-01-02 21:00:00,51.8,96,Sedang,Kualitas udara sedang. Kelompok sensitif sebaiknya mengurangi aktivitas fisik berat.
2026-01-02 22:00:00,52.92,97,Sedang,Kualitas udara sedang. Kelompok sensitif sebaiknya mengurangi aktivitas fisik berat.
2026-01-02 23:00:00,53.25,97,Sedang,Kualitas udara sedang. Kelompok sensitif sebaiknya mengurangi aktivitas fisik berat.
2026-01-03 00:00:00,54.74,99,Sedang,Kualitas udara sedang. Kelompok sensitif sebaiknya mengurangi aktivitas fisik berat.
2026-01-03 01:00:00,55.81,101,Tidak Sehat,PENTING: Kurangi aktivitas fisik berat di luar ruangan. Gunakan masker jika harus keluar.
2026-01-03 02:00:00,57.75,103,Tidak Sehat,PENTING: Kurangi aktivitas fisik berat di luar ruangan. Gunakan masker jika harus keluar.
2026-01-03 03:00:00,59.28,105,Tidak Sehat,PENTING: Kurangi aktivitas fisik berat di luar ruangan. Gunakan masker jika harus keluar.
2026-01-03 04:00:00,61.3,107,Tidak Sehat,PENTING: Kurangi aktivitas fisik berat di luar ruangan. Gunakan masker jika harus keluar.
2026-01-03 05:00:00,62.77,109,Tidak Sehat,PENTING: Kurangi aktivitas fisik berat di luar ruangan. Gunakan masker jika harus keluar.
2026-01-03 06:00:00,64.21,110,Tidak Sehat,PENTING: Kurangi aktivitas fisik berat di luar ruangan. Gunakan masker jika harus keluar.
2026-01-03 07:00:00,63.64,110,Tidak Sehat,PENTING: Kurangi aktivitas fisik berat di luar ruangan. Gunakan masker jika harus keluar.
2026-01-03 08:00:00,59.65,105,Tidak Sehat,PENTING: Kurangi aktivitas fisik berat di luar ruangan. Gunakan masker jika harus keluar.
2026-01-03 09:00:00,52.27,96,Sedang,Kualitas udara sedang. Kelompok sensitif sebaiknya mengurangi aktivitas fisik berat.
2026-01-03 10:00:00,44.69,87,Sedang,Kualitas udara sedang. Kelompok sensitif sebaiknya mengurangi aktivitas fisik berat.
2026-01-03 11:00:00,39.63,81,Sedang,Kualitas udara sedang. Kelompok sensitif sebaiknya mengurangi aktivitas fisik berat.
2026-01-03 12:00:00,38.28,79,Sedang,Kualitas udara sedang. Kelompok sensitif sebaiknya mengurangi aktivitas fisik berat.
2026-01-03 13:00:00,39.07,80,Sedang,Kualitas udara sedang. Kelompok sensitif sebaiknya mengurangi aktivitas fisik berat.
2026-01-03 14:00:00,41.0,82,Sedang,Kualitas udara sedang. Kelompok sensitif sebaiknya mengurangi aktivitas fisik berat.
2026-01-03 15:00:00,43.23,85,Sedang,Kualitas udara sedang. Kelompok sensitif sebaiknya mengurangi aktivitas fisik berat.
2026-01-03 16:00:00,46.35,89,Sedang,Kualitas udara sedang. Kelompok sensitif sebaiknya mengurangi aktivitas fisik berat.
2026-01-03 17:00:00,48.6,92,Sedang,Kualitas udara sedang. Kelompok sensitif sebaiknya mengurangi aktivitas fisik berat.
2026-01-03 18:00:00,50.4,94,Sedang,Kualitas udara sedang. Kelompok sensitif sebaiknya mengurangi aktivitas fisik berat.
2026-01-03 19:00:00,50.89,94,Sedang,Kualitas udara sedang. Kelompok sensitif sebaiknya mengurangi aktivitas fisik berat.
2026-01-03 20:00:00,51.89,96,Sedang,Kualitas udara sedang. Kelompok sensitif sebaiknya mengurangi aktivitas fisik berat.
2026-01-03 21:00:00,52.06,96,Sedang,Kualitas udara sedang. Kelompok sensitif sebaiknya mengurangi aktivitas fisik berat.
2026-01-03 22:00:00,53.21,97,Sedang,Kualitas udara sedang. Kelompok sensitif sebaiknya mengurangi aktivitas fisik berat.
2026-01-03 23:00:00,53.52,98,Sedang,Kualitas udara sedang. Kelompok sensitif sebaiknya mengurangi aktivitas fisik berat.
2026-01-04 00:00:00,54.98,99,Sedang,Kualitas udara sedang. Kelompok sensitif sebaiknya mengurangi aktivitas fisik berat.
2026-01-04 01:00:00,56.01,102,Tidak Sehat,PENTING: Kurangi aktivitas fisik berat di luar ruangan. Gunakan masker jika harus keluar.
2026-01-04 02:00:00,57.92,104,Tidak Sehat,PENTING: Kurangi aktivitas fisik berat di luar ruangan. Gunakan masker jika harus keluar.
2026-01-04 03:00:00,59.44,105,Tidak Sehat,PENTING: Kurangi aktivitas fisik berat di luar ruangan. Gunakan masker jika harus keluar.
2026-01-04 04:00:00,61.46,107,Tidak Sehat,PENTING: Kurangi aktivitas fisik berat di luar ruangan. Gunakan masker jika harus keluar.
2026-01-04 05:00:00,62.94,109,Tidak Sehat,PENTING: Kurangi aktivitas fisik berat di luar ruangan. Gunakan masker jika harus keluar.
2026-01-04 06:00:00,64.37,110,Tidak Sehat,PENTING: Kurangi aktivitas fisik berat di luar ruangan. Gunakan masker jika harus keluar.
2026-01-04 07:00:00,63.81,110,Tidak Sehat,PENTING: Kurangi aktivitas fisik berat di luar ruangan. Gunakan masker jika harus keluar.
2026-01-04 08:00:00,59.82,106,Tidak Sehat,PENTING: Kurangi aktivitas fisik berat di luar ruangan. Gunakan masker jika harus keluar.
2026-01-04 09:00:00,52.42,96,Sedang,Kualitas udara sedang. Kelompok sensitif sebaiknya mengurangi aktivitas fisik berat.
2026-01-04 10:00:00,44.88,87,Sedang,Kualitas udara sedang. Kelompok sensitif sebaiknya mengurangi aktivitas fisik berat.
2026-01-04 11:00:00,39.78,81,Sedang,Kualitas udara sedang. Kelompok sensitif sebaiknya mengurangi aktivitas fisik berat.
2026-01-04 12:00:00,38.41,79,Sedang,Kualitas udara sedang. Kelompok sensitif sebaiknya mengurangi aktivitas fisik berat.
2026-01-04 13:00:00,39.19,80,Sedang,Kualitas udara sedang. Kelompok sensitif sebaiknya mengurangi aktivitas fisik berat.
2026-01-04 14:00:00,41.13,82,Sedang,Kualitas udara sedang. Kelompok sensitif sebaiknya mengurangi aktivitas fisik berat.
2026-01-04 15:00:00,43.38,85,Sedang,Kualitas udara sedang. Kelompok sensitif sebaiknya mengurangi aktivitas fisik berat.
2026-01-04 16:00:00,46.51,89,Sedang,Kualitas udara sedang. Kelompok sensitif sebaiknya mengurangi aktivitas fisik berat.
2026-01-04 17:00:00,48.7,92,Sedang,Kualitas udara sedang. Kelompok sensitif sebaiknya mengurangi aktivitas fisik berat.
2026-01-04 18:00:00,50.5,94,Sedang,Kualitas udara sedang. Kelompok sensitif sebaiknya mengurangi aktivitas fisik berat.
2026-01-04 19:00:00,50.99,95,Sedang,Kualitas udara sedang. Kelompok sensitif sebaiknya mengurangi aktivitas fisik berat.
2026-01-04 20:00:00,52.02,96,Sedang,Kualitas udara sedang. Kelompok sensitif sebaiknya mengurangi aktivitas fisik berat.
2026-01-04 21:00:00,52.21,96,Sedang,Kualitas udara sedang. Kelompok sensitif sebaiknya mengurangi aktivitas fisik berat.
2026-01-04 22:00:00,53.38,98,Sedang,Kualitas udara sedang. Kelompok sensitif sebaiknya mengurangi aktivitas fisik berat.
2026-01-04 23:00:00,53.68,98,Sedang,Kualitas udara sedang. Kelompok sensitif sebaiknya mengurangi aktivitas fisik berat.
2026-01-05 00:00:00,55.14,100,Sedang,Kualitas udara sedang. Kelompok sensitif sebaiknya mengurangi aktivitas fisik berat.
2026-01-05 01:00:00,56.15,102,Tidak Sehat,PENTING: Kurangi aktivitas fisik berat di luar ruangan. Gunakan masker jika harus keluar.
2026-01-05 02:00:00,58.06,104,Tidak Sehat,PENTING: Kurangi aktivitas fisik berat di luar ruangan. Gunakan masker jika harus keluar.
2026-01-05 03:00:00,59.57,105,Tidak Sehat,PENTING: Kurangi aktivitas fisik berat di luar ruangan. Gunakan masker jika harus keluar.
2026-01-05 04:00:00,61.58,107,Tidak Sehat,PENTING: Kurangi aktivitas fisik berat di luar ruangan. Gunakan masker jika harus keluar.
2026-01-05 05:00:00,63.07,109,Tidak Sehat,PENTING: Kurangi aktivitas fisik berat di luar ruangan. Gunakan masker jika harus keluar.
2026-01-05 06:00:00,64.5,110,Tidak Sehat,PENTING: Kurangi aktivitas fisik berat di luar ruangan. Gunakan masker jika harus keluar.
2026-01-05 07:00:00,63.94,110,Tidak Sehat,PENTING: Kurangi aktivitas fisik berat di luar ruangan. Gunakan masker jika harus keluar.
2026-01-05 08:00:00,59.94,106,Tidak Sehat,PENTING: Kurangi aktivitas fisik berat di luar ruangan. Gunakan masker jika harus keluar.
2026-01-05 09:00:00,52.54,96,Sedang,Kualitas udara sedang. Kelompok sensitif sebaiknya mengurangi aktivitas fisik berat.
2026-01-05 10:00:00,45.02,87,Sedang,Kualitas udara sedang. Kelompok sensitif sebaiknya mengurangi aktivitas fisik berat.
2026-01-05 11:00:00,39.91,81,Sedang,Kualitas udara sedang. Kelompok sensitif sebaiknya mengurangi aktivitas fisik berat.
2026-01-05 12:00:00,38.52,79,Sedang,Kualitas udara sedang. Kelompok sensitif sebaiknya mengurangi aktivitas fisik berat.
2026-01-05 13:00:00,39.29,80,Sedang,Kualitas udara sedang. Kelompok sensitif sebaiknya mengurangi aktivitas fisik berat.
2026-01-05 14:00:00,41.22,83,Sedang,Kualitas udara sedang. Kelompok sensitif sebaiknya mengurangi aktivitas fisik berat.
2026-01-05 15:00:00,43.5,85,Sedang,Kualitas udara sedang. Kelompok sensitif sebaiknya mengurangi aktivitas fisik berat.
2026-01-05 16:00:00,46.63,89,Sedang,Kualitas udara sedang. Kelompok sensitif sebaiknya mengurangi aktivitas fisik berat.
2026-01-05 17:00:00,48.76,92,Sedang,Kualitas udara sedang. Kelompok sensitif sebaiknya mengurangi aktivitas fisik berat.
2026-01-05 18:00:00,50.57,94,Sedang,Kualitas udara sedang. Kelompok sensitif sebaiknya mengurangi aktivitas fisik berat.
2026-01-05 19:00:00,51.08,95,Sedang,Kualitas udara sedang. Kelompok sensitif sebaiknya mengurangi aktivitas fisik berat.
2026-01-05 20:00:00,52.14,96,Sedang,Kualitas udara sedang. Kelompok sensitif sebaiknya mengurangi aktivitas fisik berat.
2026-01-05 21:00:00,52.35,96,Sedang,Kualitas udara sedang. Kelompok sensitif sebaiknya mengurangi aktivitas fisik berat.
2026-01-05 22:00:00,53.53,98,Sedang,Kualitas udara sedang. Kelompok sensitif sebaiknya mengurangi aktivitas fisik berat.
2026-01-05 23:00:00,53.83,98,Sedang,Kualitas udara sedang. Kelompok sensitif sebaiknya mengurangi aktivitas fisik berat.
2026-01-06 00:00:00,55.28,100,Sedang,Kualitas udara sedang. Kelompok sensitif sebaiknya mengurangi aktivitas fisik berat.
2026-01-06 01:00:00,56.27,102,Tidak Sehat,PENTING: Kurangi aktivitas fisik berat di luar ruangan. Gunakan masker jika harus keluar.
2026-01-06 02:00:00,58.17,104,Tidak Sehat,PENTING: Kurangi aktivitas fisik berat di luar ruangan. Gunakan masker jika harus keluar.
2026-01-06 03:00:00,59.67,105,Tidak Sehat,PENTING: Kurangi aktivitas fisik berat di luar ruangan. Gunakan masker jika harus keluar.
2026-01-06 04:00:00,61.69,108,Tidak Sehat,PENTING: Kurangi aktivitas fisik berat di luar ruangan. Gunakan masker jika harus keluar.
2026-01-06 05:00:00,63.18,109,Tidak Sehat,PENTING: Kurangi aktivitas fisik berat di luar ruangan. Gunakan masker jika harus keluar.
2026-01-06 06:00:00,64.61,111,Tidak Sehat,PENTING: Kurangi aktivitas fisik berat di luar ruangan. Gunakan masker jika harus keluar.
2026-01-06 07:00:00,64.06,110,Tidak Sehat,PENTING: Kurangi aktivitas fisik berat di luar ruangan. Gunakan masker jika harus keluar.
2026-01-06 08:00:00,60.07,106,Tidak Sehat,PENTING: Kurangi aktivitas fisik berat di luar ruangan. Gunakan masker jika harus keluar.
2026-01-06 09:00:00,52.65,97,Sedang,Kualitas udara sedang. Kelompok sensitif sebaiknya mengurangi aktivitas fisik berat.
2026-01-06 10:00:00,45.15,87,Sedang,Kualitas udara sedang. Kelompok sensitif sebaiknya mengurangi aktivitas fisik berat.
2026-01-06 11:00:00,40.02,81,Sedang,Kualitas udara sedang. Kelompok sensitif sebaiknya mengurangi aktivitas fisik berat.
2026-01-06 12:00:00,38.61,79,Sedang,Kualitas udara sedang. Kelompok sensitif sebaiknya mengurangi aktivitas fisik berat.
2026-01-06 13:00:00,39.37,80,Sedang,Kualitas udara sedang. Kelompok sensitif sebaiknya mengurangi aktivitas fisik berat.
2026-01-06 14:00:00,41.31,83,Sedang,Kualitas udara sedang. Kelompok sensitif sebaiknya mengurangi aktivitas fisik berat.
2026-01-06 15:00:00,43.61,86,Sedang,Kualitas udara sedang. Kelompok sensitif sebaiknya mengurangi aktivitas fisik berat.
2026-01-06 16:00:00,46.72,89,Sedang,Kualitas udara sedang. Kelompok sensitif sebaiknya mengurangi aktivitas fisik berat.
2026-01-06 17:00:00,48.82,92,Sedang,Kualitas udara sedang. Kelompok sensitif sebaiknya mengurangi aktivitas fisik berat.
2026-01-06 18:00:00,50.64,94,Sedang,Kualitas udara sedang. Kelompok sensitif sebaiknya mengurangi aktivitas fisik berat.
2026-01-06 19:00:00,51.18,95,Sedang,Kualitas udara sedang. Kelompok sensitif sebaiknya mengurangi aktivitas fisik berat.
2026-01-06 20:00:00,52.26,96,Sedang,Kualitas udara sedang. Kelompok sensitif sebaiknya mengurangi aktivitas fisik berat.
2026-01-06 21:00:00,52.48,96,Sedang,Kualitas udara sedang. Kelompok sensitif sebaiknya mengurangi aktivitas fisik berat.
2026-01-06 22:00:00,53.67,98,Sedang,Kualitas udara sedang. Kelompok sensitif sebaiknya mengurangi aktivitas fisik berat.
2026-01-06 23:00:00,53.97,98,Sedang,Kualitas udara sedang. Kelompok sensitif sebaiknya mengurangi aktivitas fisik berat.
